Complex,1,176,,11746
SimplexOptimizer,492,37,,
SimplexOptimizer,506,51,,
GaussNewtonOptimizer,1636,80,,
GaussNewtonOptimizer,1638,82,,
GaussNewtonOptimizer,1690,134,,
LevenbergMarquardtOptimizer,1806,524,,
LevenbergMarquardtOptimizer,1808,526,,
LevenbergMarquardtOptimizer,1954,672,,
DiscreteDistribution,8,40,,
threed/Line,1,1,,
MultivariateNormalDistribution,15,15,,
Weight,1378,1378,,
Weight,1379,1379,,
Weight,1380,1380,,
Weight,77,77,,
CMAESOptimizer,174,6,,
CMAESOptimizer,180,12,,
CMAESOptimizer,10,49,,
OpenMapRealVector,73,38,,
OpenMapRealVector,74,39,,
OpenMapRealVector,75,40,,
OpenMapRealVector,76,41,,
OpenMapRealVector,8,8,,
MannWhitneyUTest,61,61,,
SimplexTableau,30,31,,
ListPopulation,1,2,,
Complex,14,80,,
Complex,4,75,,
Complex,15,69,,
Complex,9,70,,
BOBYQAOptimizer,1857,8,,
BOBYQAOptimizer,1859,10,,
BOBYQAOptimizer,1870,21,,
EmbeddedRungeKuttaIntegrator,90,113,,
BracketingNthOrderBrentSolver,59,59,,
BracketingNthOrderBrentSolver,302,302,,
Variance,28,28,,
SimplexTableau,76,78,,
SummaryStatistics,138,138,,
SummaryStatistics,139,139,,
SummaryStatistics,140,140,,
AbstractIntegrator,291,291,,
AbstractIntegrator,339,339,,
AbstractIntegrator,348,348,,
OpenMapRealMatrix,2,2,,
Complex,1,51,,
Complex,131,179,,
Complex,5,58,,
Complex,2,52,,
Complex,265,314,,
BaseSecantSolver,405,405,,
BaseSecantSolver,373,373,,
BaseSecantSolver,374,374,,
BaseSecantSolver,375,375,,
BaseSecantSolver,376,376,,
