Complex,1,1,,20441
SimplexOptimizer,492,492,,
SimplexOptimizer,506,506,,
GaussNewtonOptimizer,1636,1636,,
GaussNewtonOptimizer,1638,1638,,
GaussNewtonOptimizer,1690,1690,,
LevenbergMarquardtOptimizer,1806,1805,,
LevenbergMarquardtOptimizer,1808,1807,,
LevenbergMarquardtOptimizer,1954,1953,,
DiscreteDistribution,8,8,,
threed/Line,1,1,,
MultivariateNormalDistribution,15,15,,
Weight,1378,1378,,
Weight,1379,1379,,
Weight,1380,1380,,
Weight,77,77,,
CMAESOptimizer,174,6,,
CMAESOptimizer,180,12,,
CMAESOptimizer,10,10,,
OpenMapRealVector,73,44,,
OpenMapRealVector,74,45,,
OpenMapRealVector,75,46,,
OpenMapRealVector,76,47,,
OpenMapRealVector,8,8,,
MannWhitneyUTest,61,61,,
SimplexTableau,30,30,,
ListPopulation,1,1,,
Complex,14,19,,
Complex,4,13,,
Complex,15,18,,
Complex,9,8,,
BOBYQAOptimizer,1857,8,,
BOBYQAOptimizer,1859,10,,
BOBYQAOptimizer,1870,21,,
EmbeddedRungeKuttaIntegrator,90,90,,
BracketingNthOrderBrentSolver,59,59,,
BracketingNthOrderBrentSolver,302,302,,
Variance,28,28,,
SimplexTableau,76,78,,
SummaryStatistics,138,140,,
SummaryStatistics,139,141,,
SummaryStatistics,140,142,,
AbstractIntegrator,291,291,,
AbstractIntegrator,339,339,,
AbstractIntegrator,348,348,,
OpenMapRealMatrix,2,2,,
Complex,1,2,,
Complex,131,131,,
Complex,5,5,,
Complex,2,2,,
Complex,265,265,,
BaseSecantSolver,405,405,,
BaseSecantSolver,373,373,,
BaseSecantSolver,374,374,,
BaseSecantSolver,375,375,,
BaseSecantSolver,376,376,,
